,SurveyYear,Method,Handle,Group,Season,OT,N,Nbackyard,Nsideline,Ncommercial,PtBkExclusiveToState,TotalColStart,PColExclusiveToState,TotalColAtRisk,TotalColLost,TotalColAlive,TotalLoss_b.CI,AverageLoss_b.CI
1,2024-2025,MSO in,AK,Alaska,Annual,All,1,1,0,0,100,3,100,3,[R],[R],[R],[R]
2,2024-2025,MSO in,AL,Alabama,Annual,All,56,54,1,1,94.64,8596,6.82,16923,8741,8182,51.65 [37.89-52.16],45.69 [38.93-52.1]
3,2024-2025,MSO in,AR,Arkansas,Annual,All,8,8,0,0,100,49,100,81,[R],[R],[R],[R]
4,2024-2025,MSO in,AZ,Arizona,Annual,All,8,8,0,0,87.5,44,72.73,98,[R],[R],[R],[R]
5,2024-2025,MSO in,CA,California,Annual,All,56,37,4,15,66.07,81779,2.57,192541,111261,81280,57.79 [48.94-64.67],43.99 [36.88-51.47]
6,2024-2025,MSO in,CO,Colorado,Annual,All,31,29,2,0,93.55,289,56.4,410,176,234,42.93 [30.48-60.48],44.68 [32.04-58.38]
7,2024-2025,MSO in,CT,Connecticut,Annual,All,88,88,0,0,96.59,344,94.48,587,393,194,66.95 [59.7-73.57],67.19 [59.82-74.01]
8,2024-2025,MSO in,DC,District of Columbia,Annual,All,23,23,0,0,86.96,149,65.77,225,100,125,44.44 [31.86-59.06],35.05 [22.27-48.01]
9,2024-2025,MSO in,DE,Delaware,Annual,All,5,4,0,1,80,473,7.82,703,[R],[R],[R],[R]
10,2024-2025,MSO in,FL,Florida,Annual,All,39,36,1,2,92.31,9582,2.87,18786,10212,8574,54.36 [47.44-68.54],39.03 [29.86-48.73]
11,2024-2025,MSO in,GA,Georgia,Annual,All,66,60,3,3,93.94,18175,55.88,27783,12309,15474,44.3 [22.4-64.5],54 [47.4-61.31]
12,2024-2025,MSO in,IA,Iowa,Annual,All,22,20,1,1,95.45,1985,5.44,9986,8215,1771,82.27 [49.76-82.71],56.86 [44.28-68.87]
13,2024-2025,MSO in,ID,Idaho,Annual,All,12,9,0,3,75,23749,0.21,63013,36541,26472,57.99 [13.97-66.57],59.65 [42.59-76.45]
14,2024-2025,MSO in,IL,Illinois,Annual,All,16,16,0,0,100,102,100,186,98,88,52.69 [40.72-68.68],55.47 [39.69-71.54]
15,2024-2025,MSO in,IN,Indiana,Annual,All,57,54,3,0,100,729,100,1073,368,705,34.3 [22.85-50.9],46.41 [37.76-54.87]
16,2024-2025,MSO in,KS,Kansas,Annual,All,15,14,0,1,86.67,2428,3.79,2255,1074,1181,47.63 [32.14-48.63],46.19 [32.71-62.26]
17,2024-2025,MSO in,KY,Kentucky,Annual,All,149,143,6,0,98.66,1361,99.27,2281,956,1325,41.91 [35.94-48.63],40.26 [35.1-45.01]
18,2024-2025,MSO in,LA,Louisiana,Annual,All,10,7,2,1,100,1302,100,1822,1010,812,55.43 [25.24-58.66],37.18 [23.22-50.57]
19,2024-2025,MSO in,MA,Massachusetts,Annual,All,32,31,0,1,93.75,835,12.22,1194,659,535,55.19 [37.5-57.49],47.61 [37.92-57.56]
20,2024-2025,MSO in,MD,Maryland,Annual,All,53,49,3,1,90.57,1052,52.19,1535,662,873,43.13 [29.7-49.93],42.11 [34.19-49.19]
21,2024-2025,MSO in,ME,Maine,Annual,All,26,23,2,1,84.62,932,10.73,1343,704,639,52.42 [25-60.49],55.37 [43.84-66.24]
22,2024-2025,MSO in,MI,Michigan,Annual,All,190,180,9,1,96.32,9569,14.18,18670,9912,8758,53.09 [51.32-66.5],65.24 [60.76-69.7]
23,2024-2025,MSO in,MN,Minnesota,Annual,All,18,16,1,1,83.33,1518,5.2,2670,1720,950,64.42 [22.94-76.86],68.61 [52.74-83.22]
24,2024-2025,MSO in,MO,Missouri,Annual,All,22,21,0,1,90.91,2524,7.45,2372,1151,1221,48.52 [39.58-57.5],43.53 [31.2-54.23]
25,2024-2025,MSO in,MS,Mississippi,Annual,All,11,6,1,4,63.64,17101,0.88,32257,15310,16947,47.46 [37.84-67.01],45.8 [36.51-54.39]
26,2024-2025,MSO in,MT,Montana,Annual,All,5,4,0,1,80,6509,0.14,11519,[R],[R],[R],[R]
27,2024-2025,MSO in,NC,North Carolina,Annual,All,65,63,2,0,96.92,597,97.49,963,438,525,45.48 [31.38-59.62],42.76 [34.75-50.22]
28,2024-2025,MSO in,NCUSA,Non Continental USA,Annual,All,2,2,0,0,50,7,71.43,10,[R],[R],[R],[R]
29,2024-2025,MSO in,ND,North Dakota,Annual,All,24,13,1,10,54.17,66247,0.06,155047,89586,65461,57.78 [46.72-65.12],58.24 [48.91-68.44]
30,2024-2025,MSO in,NE,Nebraska,Annual,All,14,12,1,1,92.86,1975,4.96,9987,8228,1759,82.39 [49.38-82.77],54.54 [38.02-70.61]
31,2024-2025,MSO in,NH,New Hampshire,Annual,All,13,11,1,1,84.62,850,6.35,1204,609,595,50.58 [13.35-56.28],45.12 [26.86-62.86]
32,2024-2025,MSO in,NJ,New Jersey,Annual,All,17,17,0,0,94.12,116,78.45,180,105,75,58.33 [38.06-75.14],56.05 [43.36-68.7]
33,2024-2025,MSO in,NM,New Mexico,Annual,All,12,12,0,0,91.67,47,95.74,85,39,46,45.88 [25.86-60.18],41.25 [26.39-58.2]
34,2024-2025,MSO in,NV,Nevada,Annual,All,10,10,0,0,100,60,100,152,131,21,86.18 [82.28-91.15],83.79 [75.94-90.43]
35,2024-2025,MSO in,NY,New York,Annual,All,71,67,3,1,92.96,8910,6.98,17294,9167,8127,53.01 [46.66-74.49],59.63 [52.15-67.1]
36,2024-2025,MSO in,OH,Ohio,Annual,All,47,47,0,0,93.62,289,89.97,476,246,230,51.68 [38.99-64.04],48.2 [39.03-57.81]
37,2024-2025,MSO in,OK,Oklahoma,Annual,All,5,5,0,0,100,44,100,79,[R],[R],[R],[R]
38,2024-2025,MSO in,OR,Oregon,Annual,All,45,43,1,1,93.33,9381,1.97,32386,21352,11034,65.93 [31.8-66.44],39.05 [30.7-47.17]
39,2024-2025,MSO in,PA,Pennsylvania,Annual,All,77,77,0,0,97.4,544,96.69,894,463,431,51.79 [41.27-61.52],46.47 [39.2-54.25]
40,2024-2025,MSO in,RI,Rhode Island,Annual,All,6,5,0,1,83.33,745,2.95,1055,[R],[R],[R],[R]
41,2024-2025,MSO in,SC,South Carolina,Annual,All,6,6,0,0,100,69,100,84,[R],[R],[R],[R]
42,2024-2025,MSO in,SD,South Dakota,Annual,All,17,11,0,6,64.71,33928,0.19,78638,46680,31958,59.36 [41.55-73.36],55.49 [42.79-67.7]
43,2024-2025,MSO in,TN,Tennessee,Annual,All,18,17,1,0,100,202,100,411,162,249,39.42 [32.94-57.98],48.92 [37.33-59.86]
44,2024-2025,MSO in,TX,Texas,Annual,All,414,395,13,6,97.58,40261,11.15,91820,56266,35554,61.28 [45.72-71.36],42.07 [39.33-44.92]
45,2024-2025,MSO in,UT,Utah,Annual,All,26,25,1,0,96.15,123,90.24,356,252,104,70.79 [53.52-82.21],62.23 [49.89-72.73]
46,2024-2025,MSO in,VA,Virginia,Annual,All,52,50,1,1,80.77,1026,50,1475,623,852,42.24 [24.47-53.8],43.4 [35.13-51.21]
47,2024-2025,MSO in,VT,Vermont,Annual,All,48,43,4,1,93.75,1054,72.87,2228,1376,852,61.76 [39.67-77.38],63.57 [53.2-74.39]
48,2024-2025,MSO in,WA,Washington,Annual,All,25,23,0,2,88,12600,0.75,20486,8842,11644,43.16 [24.1-68.91],51.55 [37.7-65.75]
49,2024-2025,MSO in,WI,Wisconsin,Annual,All,40,38,2,0,100,644,100,1301,1178,123,90.55 [65.7-96.07],68.73 [56.47-79.35]
50,2024-2025,MSO in,WV,West Virginia,Annual,All,8,7,0,1,0,486,0,723,[R],[R],[R],[R]
51,2024-2025,MSO in,WY,Wyoming,Annual,All,2,0,1,1,0,1540,0,4136,[R],[R],[R],[R]
52,2024-2025,MSO in,MSO,MultiStates,Annual,All,57,32,7,18,0,86339,0,198592,114013,84579,57.41 [47.5-63.74],50.98 [44.34-57.76]
53,2024-2025,MSO in,AK,Alaska,Summer,All,1,1,0,0,100,3,100,3,[R],[R],[R],[R]
54,2024-2025,MSO in,AL,Alabama,Summer,All,69,67,1,1,94.2,8716,7.99,16886,2210,14676,13.09 [12.26-37.17],29.6 [24.89-34.93]
55,2024-2025,MSO in,AR,Arkansas,Summer,All,9,9,0,0,100,56,100,75,[R],[R],[R],[R]
56,2024-2025,MSO in,AZ,Arizona,Summer,All,8,8,0,0,87.5,44,72.73,91,[R],[R],[R],[R]
57,2024-2025,MSO in,CA,California,Summer,All,66,45,4,17,68.18,88568,2.4,189021,55248,133773,29.23 [18.36-39.38],28.55 [22.63-34.82]
58,2024-2025,MSO in,CO,Colorado,Summer,All,33,30,2,1,90.91,1260,13.81,1740,571,1169,32.82 [9.36-37.23],20.39 [10.95-30.2]
59,2024-2025,MSO in,CT,Connecticut,Summer,All,91,91,0,0,96.7,355,94.65,581,164,417,28.23 [23.14-33.48],26.72 [21.04-32.02]
60,2024-2025,MSO in,DC,District of Columbia,Summer,All,23,23,0,0,86.96,149,65.77,206,36,170,17.48 [8.74-29.32],15.52 [6.74-25.37]
61,2024-2025,MSO in,DE,Delaware,Summer,All,5,4,0,1,80,473,7.82,626,[R],[R],[R],[R]
62,2024-2025,MSO in,FL,Florida,Summer,All,49,46,1,2,93.88,9677,3.82,18754,3136,15618,16.72 [12.05-46.4],25.04 [18.65-32.14]
63,2024-2025,MSO in,GA,Georgia,Summer,All,73,67,3,3,94.52,18224,56,27170,3945,23225,14.52 [3.22-55.2],32.27 [26.81-37.89]
64,2024-2025,MSO in,IA,Iowa,Summer,All,22,20,1,1,95.45,1985,5.44,9454,4708,4746,49.8 [10.39-50.36],25.45 [16.08-34.64]
65,2024-2025,MSO in,ID,Idaho,Summer,All,12,9,0,3,75,23749,0.21,51602,21874,29728,42.39 [0.09-51.39],15.55 [5.8-25.71]
66,2024-2025,MSO in,IL,Illinois,Summer,All,16,16,0,0,100,102,100,180,34,146,18.89 [9.33-32.81],24.33 [12.01-36.72]
67,2024-2025,MSO in,IN,Indiana,Summer,All,58,55,3,0,100,732,100,1023,102,921,9.97 [4.51-19.6],14.7 [9.97-19.49]
68,2024-2025,MSO in,KS,Kansas,Summer,All,15,14,0,1,86.67,2428,3.79,2344,898,1446,38.31 [18.96-39.13],24.27 [13.89-35.55]
69,2024-2025,MSO in,KY,Kentucky,Summer,All,154,147,7,0,98.7,1426,99.3,2090,442,1648,21.15 [15.88-27.04],22.97 [19.27-26.77]
70,2024-2025,MSO in,LA,Louisiana,Summer,All,10,7,2,1,100,1302,100,1801,234,1567,12.99 [7.41-21.89],16.3 [7.5-26.64]
71,2024-2025,MSO in,MA,Massachusetts,Summer,All,33,32,0,1,93.94,837,12.43,1252,419,833,33.47 [17.61-34.9],26.39 [17.35-36.35]
72,2024-2025,MSO in,MD,Maryland,Summer,All,56,52,3,1,91.07,1064,52.73,1442,170,1272,11.79 [7.99-20.12],21.54 [16.33-26.69]
73,2024-2025,MSO in,ME,Maine,Summer,All,26,23,2,1,84.62,932,10.73,1402,414,988,29.53 [7.89-34.08],21.99 [14.67-29.88]
74,2024-2025,MSO in,MI,Michigan,Summer,All,194,184,9,1,96.39,9576,14.24,18506,2508,15998,13.55 [12.41-26.24],24.73 [20.98-28.41]
75,2024-2025,MSO in,MN,Minnesota,Summer,All,18,16,1,1,83.33,1518,5.2,2664,1143,1521,42.91 [7.01-47.62],29.01 [17.61-40.8]
76,2024-2025,MSO in,MO,Missouri,Summer,All,23,22,0,1,91.3,2528,7.59,2460,908,1552,36.91 [12.84-38.6],18.37 [10.48-26.74]
77,2024-2025,MSO in,MS,Mississippi,Summer,All,11,6,1,4,63.64,17101,0.88,32246,4854,27392,15.05 [12.1-44.62],18.08 [12.27-24.76]
78,2024-2025,MSO in,MT,Montana,Summer,All,6,4,0,2,66.67,12313,0.07,20681,[R],[R],[R],[R]
79,2024-2025,MSO in,NC,North Carolina,Summer,All,73,71,2,0,97.26,620,97.58,836,176,660,21.05 [15.26-28.44],26.79 [20.43-34.17]
80,2024-2025,MSO in,NCUSA,Non Continental USA,Summer,All,2,2,0,0,50,7,71.43,10,[R],[R],[R],[R]
81,2024-2025,MSO in,ND,North Dakota,Summer,All,24,13,1,10,54.17,66247,0.06,142427,42674,99753,29.96 [14.21-40.23],22.19 [14.64-29.57]
82,2024-2025,MSO in,NE,Nebraska,Summer,All,14,12,1,1,92.86,1975,4.96,9455,4724,4731,49.96 [10.81-50.53],23.22 [11.28-36.55]
83,2024-2025,MSO in,NH,New Hampshire,Summer,All,13,11,1,1,84.62,850,6.35,1267,384,883,30.31 [2.22-34.26],9.97 [1.53-20.42]
84,2024-2025,MSO in,NJ,New Jersey,Summer,All,19,19,0,0,94.74,132,81.06,193,57,136,29.53 [18.87-45.25],35.75 [24.14-47.8]
85,2024-2025,MSO in,NM,New Mexico,Summer,All,13,13,0,0,92.31,48,95.83,74,13,61,17.57 [7.27-27.27],13.89 [5.64-23]
86,2024-2025,MSO in,NV,Nevada,Summer,All,10,10,0,0,100,60,100,134,84,50,62.69 [32.39-74.03],43.43 [21.36-65.59]
87,2024-2025,MSO in,NY,New York,Summer,All,72,67,3,2,93.06,9620,13.85,18493,2659,15834,14.38 [12.01-38],19.8 [15-24.59]
88,2024-2025,MSO in,OH,Ohio,Summer,All,48,48,0,0,93.75,291,90.03,466,78,388,16.74 [11.43-22.7],19.97 [14.02-27.11]
89,2024-2025,MSO in,OK,Oklahoma,Summer,All,5,5,0,0,100,44,100,79,[R],[R],[R],[R]
90,2024-2025,MSO in,OR,Oregon,Summer,All,46,44,1,1,93.48,9386,2.02,21284,10763,10521,50.57 [16.72-51.29],19.73 [13.38-25.92]
91,2024-2025,MSO in,PA,Pennsylvania,Summer,All,78,78,0,0,97.44,552,96.74,885,233,652,26.33 [16.19-37.15],17.6 [12.73-22.81]
92,2024-2025,MSO in,RI,Rhode Island,Summer,All,6,5,0,1,83.33,745,2.95,1118,[R],[R],[R],[R]
93,2024-2025,MSO in,SC,South Carolina,Summer,All,9,9,0,0,100,131,100,156,[R],[R],[R],[R]
94,2024-2025,MSO in,SD,South Dakota,Summer,All,17,11,0,6,64.71,33928,0.19,77184,17156,60028,22.23 [13.62-37.2],22.04 [12.49-33]
95,2024-2025,MSO in,TN,Tennessee,Summer,All,20,19,1,0,100,212,100,417,45,372,10.79 [3.73-35.71],28.98 [19.86-38.41]
96,2024-2025,MSO in,TX,Texas,Summer,All,456,435,15,6,97.59,40875,12.46,91553,27273,64280,29.79 [17.77-41.73],23.77 [21.58-26.22]
97,2024-2025,MSO in,UT,Utah,Summer,All,27,26,1,0,96.3,124,90.32,342,90,252,26.32 [10.61-45.88],25.75 [15.97-35.41]
98,2024-2025,MSO in,VA,Virginia,Summer,All,56,54,1,1,82.14,1043,50.81,1407,209,1198,14.85 [10.4-29.38],22.67 [16.01-28.55]
99,2024-2025,MSO in,VT,Vermont,Summer,All,50,45,4,1,94,1061,73.04,2226,520,1706,23.36 [6.81-45.66],20.24 [12.93-27.59]
100,2024-2025,MSO in,WA,Washington,Summer,All,27,24,0,3,85.19,18406,0.52,28731,5636,23095,19.62 [11.3-33.19],23.19 [13.87-33.82]
101,2024-2025,MSO in,WI,Wisconsin,Summer,All,40,38,2,0,100,644,100,1287,729,558,56.64 [15.76-71.13],21.03 [14.45-28.26]
102,2024-2025,MSO in,WV,West Virginia,Summer,All,8,7,0,1,0,486,0,644,[R],[R],[R],[R]
103,2024-2025,MSO in,WY,Wyoming,Summer,All,2,0,1,1,0,1540,0,3560,[R],[R],[R],[R]
104,2024-2025,MSO in,MSO,MultiStates,Summer,All,60,33,7,20,0,93113,0,195317,57700,137617,29.54 [19.49-38.78],22.2 [17.1-27.58]
105,2024-2025,MSO in,AK,Alaska,Winter,All,1,1,0,0,100,1,100,1,[R],[R],[R],[R]
106,2024-2025,MSO in,AL,Alabama,Winter,All,65,61,3,1,93.85,15093,7.02,15290,6807,8483,44.52 [22.88-45.4],29.59 [22.34-36.96]
107,2024-2025,MSO in,AR,Arkansas,Winter,All,12,12,0,0,100,119,100,143,42,101,29.37 [19.06-44.58],33.63 [14.53-54.34]
108,2024-2025,MSO in,AZ,Arizona,Winter,All,12,11,1,0,83.33,183,91.26,270,197,73,72.96 [13.63-84.01],25.59 [11.79-40.44]
109,2024-2025,MSO in,CA,California,Winter,All,69,41,5,23,57.97,164368,1.81,183231,77127,106104,42.09 [33.1-49.77],31.47 [24.55-38.43]
110,2024-2025,MSO in,CO,Colorado,Winter,All,38,36,2,0,94.74,357,64.99,362,120,242,33.15 [13.93-53.44],32.88 [21.08-47.03]
111,2024-2025,MSO in,CT,Connecticut,Winter,All,107,106,0,1,96.26,5002,9.7,5460,2033,3427,37.23 [35.69-63.3],59.68 [52.28-67.6]
112,2024-2025,MSO in,DC,District of Columbia,Winter,All,25,24,1,0,84,235,45.11,254,89,165,35.04 [21.86-49.4],27.78 [17.38-38.94]
113,2024-2025,MSO in,DE,Delaware,Winter,All,5,4,0,1,80,582,9.79,659,[R],[R],[R],[R]
114,2024-2025,MSO in,FL,Florida,Winter,All,49,42,3,4,91.84,22039,8.32,21929,9993,11936,45.57 [24.83-50.93],27.7 [19.35-35.85]
115,2024-2025,MSO in,GA,Georgia,Winter,All,78,70,3,5,91.03,32855,28.35,34009,12828,21181,37.72 [21.55-47.7],40.59 [33.5-48.32]
116,2024-2025,MSO in,IA,Iowa,Winter,All,27,25,1,1,96.3,4797,4.42,5329,3531,1798,66.26 [38-66.97],43.07 [30.84-56.09]
117,2024-2025,MSO in,ID,Idaho,Winter,All,15,11,0,4,73.33,34748,0.24,46567,18450,28117,39.62 [15.54-69.39],53.03 [36.01-70.16]
118,2024-2025,MSO in,IL,Illinois,Winter,All,22,20,1,1,95.45,5277,5.31,5694,3892,1802,68.35 [36.81-69.43],44.67 [31.27-58.66]
119,2024-2025,MSO in,IN,Indiana,Winter,All,78,72,4,2,96.15,9082,12.42,9547,4427,5120,46.37 [13.35-67.13],36.71 [29.22-44.42]
120,2024-2025,MSO in,KS,Kansas,Winter,All,20,19,0,1,90,1523,12.21,1439,196,1243,13.62 [12.08-28.25],25.8 [13.33-40.81]
121,2024-2025,MSO in,KY,Kentucky,Winter,All,191,183,8,0,98.95,2339,99.53,2637,865,1772,32.8 [24.42-43.49],28.25 [23.79-33.29]
122,2024-2025,MSO in,LA,Louisiana,Winter,All,13,9,2,2,100,8885,100,8911,2883,6028,32.35 [22.91-51.2],29.08 [19.91-39.08]
123,2024-2025,MSO in,MA,Massachusetts,Winter,All,38,36,0,2,92.11,5385,3.34,5763,1992,3771,34.57 [27.53-36.43],35.99 [26.05-46.49]
124,2024-2025,MSO in,MD,Maryland,Winter,All,61,56,4,1,88.52,1385,49.39,1498,530,968,35.38 [20.23-43.16],29.73 [22.98-36.78]
125,2024-2025,MSO in,ME,Maine,Winter,All,35,31,3,1,88.57,1096,23.18,1037,340,697,32.79 [19.35-52.41],44.68 [32.31-56.97]
126,2024-2025,MSO in,MI,Michigan,Winter,All,248,232,15,1,96.37,16975,16.17,17161,7948,9213,46.31 [42.14-56.59],53.48 [49.03-58.23]
127,2024-2025,MSO in,MN,Minnesota,Winter,All,24,20,2,2,83.33,2940,12.21,2946,801,2145,27.19 [14.6-41.49],52.86 [38.82-67.26]
128,2024-2025,MSO in,MO,Missouri,Winter,All,27,25,1,1,92.59,1720,22.27,1639,292,1347,17.82 [13.8-45.06],33.65 [22.01-46.54]
129,2024-2025,MSO in,MS,Mississippi,Winter,All,11,6,1,4,63.64,27392,0.52,27403,10456,16947,38.16 [27.29-45.53],34.99 [27.43-42.16]
130,2024-2025,MSO in,MT,Montana,Winter,All,6,5,0,1,83.33,10014,0.14,10016,[R],[R],[R],[R]
131,2024-2025,MSO in,NC,North Carolina,Winter,All,79,74,4,1,96.2,1477,63.71,1729,865,864,50.03 [20-71.18],31.78 [25.15-39.21]
132,2024-2025,MSO in,NCUSA,Non Continental USA,Winter,All,2,2,0,0,50,10,60,10,[R],[R],[R],[R]
133,2024-2025,MSO in,ND,North Dakota,Winter,All,40,27,2,11,67.5,110649,0.1,127241,53523,73718,42.06 [30.43-53.39],47.24 [35.98-58.67]
134,2024-2025,MSO in,NE,Nebraska,Winter,All,16,14,1,1,93.75,4743,3.33,5276,3506,1770,66.45 [34.61-66.96],40.63 [24.41-57.98]
135,2024-2025,MSO in,NH,New Hampshire,Winter,All,19,16,1,2,84.21,5403,1.92,5772,1965,3807,34.04 [14.24-35.13],41.78 [24.67-58.72]
136,2024-2025,MSO in,NJ,New Jersey,Winter,All,27,25,2,0,96.3,320,92.19,337,109,228,32.34 [17.96-48.6],27.51 [15.51-39.66]
137,2024-2025,MSO in,NM,New Mexico,Winter,All,13,13,0,0,92.31,64,93.75,78,31,47,39.74 [21.74-54.03],35.42 [18.97-55.3]
138,2024-2025,MSO in,NV,Nevada,Winter,All,11,11,0,0,100,51,100,69,47,22,68.12 [51.27-81.54],67.46 [49.02-81.29]
139,2024-2025,MSO in,NY,New York,Winter,All,91,84,6,1,94.51,15776,8.54,15795,7233,8562,45.79 [31.41-59.1],45.57 [38.26-52.89]
140,2024-2025,MSO in,OH,Ohio,Winter,All,60,59,0,1,93.33,5013,9.73,5458,1962,3496,35.95 [34.56-51.83],37.81 [28.92-47.27]
141,2024-2025,MSO in,OK,Oklahoma,Winter,All,8,8,0,0,100,103,100,108,[R],[R],[R],[R]
142,2024-2025,MSO in,OR,Oregon,Winter,All,54,51,1,2,92.59,17355,1.67,28470,12460,16010,43.77 [17.63-49.56],27.82 [19.62-36.3]
143,2024-2025,MSO in,PA,Pennsylvania,Winter,All,105,104,1,0,97.14,962,94.8,978,311,667,31.8 [25.22-39.07],36.7 [31.08-43.36]
144,2024-2025,MSO in,RI,Rhode Island,Winter,All,7,6,0,1,85.71,739,5.95,676,[R],[R],[R],[R]
145,2024-2025,MSO in,SC,South Carolina,Winter,All,9,9,0,0,100,74,100,81,[R],[R],[R],[R]
146,2024-2025,MSO in,SD,South Dakota,Winter,All,20,13,0,7,65,61298,0.11,62761,30025,32736,47.84 [28.41-62.66],45.66 [32.77-58.18]
147,2024-2025,MSO in,TN,Tennessee,Winter,All,19,18,1,0,100,377,100,380,118,262,31.05 [15.43-36.55],27.71 [14.43-42.88]
148,2024-2025,MSO in,TX,Texas,Winter,All,469,442,19,8,97.23,67222,8.16,68324,30134,38190,44.1 [22.87-59.14],28.75 [26.19-31.17]
149,2024-2025,MSO in,UT,Utah,Winter,All,40,39,1,0,92.5,352,86.65,371,194,177,52.29 [29.01-70.11],46.68 [35.15-58.9]
150,2024-2025,MSO in,VA,Virginia,Winter,All,64,59,3,2,79.69,2022,40.06,2173,1033,1140,47.54 [17.04-70.01],30.21 [22.61-37.52]
151,2024-2025,MSO in,VT,Vermont,Winter,All,59,54,4,1,94.92,1791,75.82,1802,885,917,49.11 [33.33-66.61],56.19 [46.26-66.18]
152,2024-2025,MSO in,WA,Washington,Winter,All,30,27,0,3,86.67,23808,0.64,24729,8118,16611,32.83 [15.83-44.4],41.53 [28.91-54.77]
153,2024-2025,MSO in,WI,Wisconsin,Winter,All,44,41,3,0,100,750,100,764,585,179,76.57 [59.05-86.18],63.9 [50.64-74.71]
154,2024-2025,MSO in,WV,West Virginia,Winter,All,9,8,0,1,0,596,0,675,[R],[R],[R],[R]
155,2024-2025,MSO in,WY,Wyoming,Winter,All,4,1,1,2,50,5258,32.48,5834,[R],[R],[R],[R]
156,2024-2025,MSO in,MSO,MultiStates,Winter,All,75,39,9,27,0,168881,0,187516,77982,109534,41.59 [33.09-49.62],38.84 [32.87-45.49]
157,2024-2025,MSO out,AK,Alaska,Annual,All,1,1,0,0,100,3,100,3,[R],[R],[R],[R]
158,2024-2025,MSO out,AL,Alabama,Annual,All,53,52,1,0,100,586,100,963,398,565,41.33 [35.2-49.35],44.77 [38.04-51.98]
159,2024-2025,MSO out,AR,Arkansas,Annual,All,8,8,0,0,100,49,100,81,[R],[R],[R],[R]
160,2024-2025,MSO out,AZ,Arizona,Annual,All,7,7,0,0,100,32,100,72,[R],[R],[R],[R]
161,2024-2025,MSO out,CA,California,Annual,All,37,35,0,2,100,2101,100,3576,2254,1322,63.03 [29.49-82.26],42.35 [32.35-52.71]
162,2024-2025,MSO out,CO,Colorado,Annual,All,29,28,1,0,100,163,100,260,139,121,53.46 [37.76-68.65],46.43 [32.8-61.09]
163,2024-2025,MSO out,CT,Connecticut,Annual,All,85,85,0,0,100,325,100,561,380,181,67.74 [60.17-74.54],67.85 [60.69-74.58]
164,2024-2025,MSO out,DC,District of Columbia,Annual,All,20,20,0,0,100,98,100,146,67,79,45.89 [33.33-59.67],35.71 [23.3-48.88]
165,2024-2025,MSO out,DE,Delaware,Annual,All,4,4,0,0,100,37,100,67,[R],[R],[R],[R]
166,2024-2025,MSO out,FL,Florida,Annual,All,36,35,1,0,100,275,100,579,307,272,53.02 [36.91-62.91],36.92 [27.67-47.04]
167,2024-2025,MSO out,GA,Georgia,Annual,All,62,57,3,2,100,10157,100,11810,3963,7847,33.56 [21.46-65.33],54.12 [47.08-61.49]
168,2024-2025,MSO out,IA,Iowa,Annual,All,21,20,1,0,100,108,100,202,115,87,56.93 [47.17-71.93],55.62 [42.18-67.23]
169,2024-2025,MSO out,ID,Idaho,Annual,All,9,9,0,0,100,49,100,79,[R],[R],[R],[R]
170,2024-2025,MSO out,IL,Illinois,Annual,All,16,16,0,0,100,102,100,186,98,88,52.69 [40.09-68.95],55.47 [39.7-71.03]
171,2024-2025,MSO out,IN,Indiana,Annual,All,57,54,3,0,100,729,100,1073,368,705,34.3 [22.04-50.31],46.41 [37.6-55.28]
172,2024-2025,MSO out,KS,Kansas,Annual,All,13,13,0,0,100,92,100,152,55,97,36.18 [27.03-48.84],45.52 [28.18-63.82]
173,2024-2025,MSO out,KY,Kentucky,Annual,All,147,141,6,0,100,1351,100,2264,946,1318,41.78 [35-48.72],39.94 [35.29-45.38]
174,2024-2025,MSO out,LA,Louisiana,Annual,All,10,7,2,1,100,1302,100,1822,1010,812,55.43 [25.07-59.29],37.18 [22.3-52.33]
175,2024-2025,MSO out,MA,Massachusetts,Annual,All,30,30,0,0,100,102,100,173,83,90,47.98 [35.14-61.55],47.7 [37.27-58.62]
176,2024-2025,MSO out,MD,Maryland,Annual,All,48,45,3,0,100,549,100,794,285,509,35.89 [25.56-47.63],41.59 [34.18-49.17]
177,2024-2025,MSO out,ME,Maine,Annual,All,22,21,1,0,100,100,100,183,111,72,60.66 [44.25-72.14],56.88 [44.54-69.06]
178,2024-2025,MSO out,MI,Michigan,Annual,All,183,175,8,0,100,1357,100,2424,1497,927,61.76 [53.74-69.45],65.31 [60.88-69.85]
179,2024-2025,MSO out,MN,Minnesota,Annual,All,15,15,0,0,100,79,100,130,80,50,61.54 [40-86.54],73.29 [55.56-88.1]
180,2024-2025,MSO out,MO,Missouri,Annual,All,20,20,0,0,100,188,100,269,132,137,49.07 [35.16-61.03],42.83 [30.88-55.16]
181,2024-2025,MSO out,MS,Mississippi,Annual,All,7,6,1,0,100,151,100,187,[R],[R],[R],[R]
182,2024-2025,MSO out,MT,Montana,Annual,All,4,4,0,0,100,9,100,19,[R],[R],[R],[R]
183,2024-2025,MSO out,NC,North Carolina,Annual,All,63,61,2,0,100,582,100,943,430,513,45.6 [31.05-60.79],42.62 [34.72-50.39]
184,2024-2025,MSO out,NCUSA,Non Continental USA,Annual,All,1,1,0,0,100,5,100,6,[R],[R],[R],[R]
185,2024-2025,MSO out,ND,North Dakota,Annual,All,13,13,0,0,100,40,100,87,64,23,73.56 [50-90.82],68.55 [53.68-82.92]
186,2024-2025,MSO out,NE,Nebraska,Annual,All,13,12,1,0,100,98,100,203,128,75,63.05 [44.73-81.21],52.36 [35.54-69.53]
187,2024-2025,MSO out,NH,New Hampshire,Annual,All,11,11,0,0,100,54,100,88,27,61,30.68 [16.8-54.17],47.25 [26.54-68.62]
188,2024-2025,MSO out,NJ,New Jersey,Annual,All,16,16,0,0,100,91,100,151,80,71,52.98 [34.92-70.99],54.16 [41.43-65.98]
189,2024-2025,MSO out,NM,New Mexico,Annual,All,11,11,0,0,100,45,100,81,38,43,46.91 [25.75-61.21],42.73 [25.75-61.21]
190,2024-2025,MSO out,NV,Nevada,Annual,All,10,10,0,0,100,60,100,152,131,21,86.18 [82.64-90.99],83.79 [76.44-90.34]
191,2024-2025,MSO out,NY,New York,Annual,All,66,64,2,0,100,622,100,898,468,430,52.12 [38.1-68.49],60.87 [53.32-68.78]
192,2024-2025,MSO out,OH,Ohio,Annual,All,44,44,0,0,100,260,100,441,216,225,48.98 [35.33-62.44],45.72 [35.94-54.89]
193,2024-2025,MSO out,OK,Oklahoma,Annual,All,5,5,0,0,100,44,100,79,[R],[R],[R],[R]
194,2024-2025,MSO out,OR,Oregon,Annual,All,42,42,0,0,100,185,100,330,121,209,36.67 [27.76-44.8],38.97 [30.2-47.45]
195,2024-2025,MSO out,PA,Pennsylvania,Annual,All,75,75,0,0,100,526,100,865,450,415,52.02 [41.82-62.4],46.49 [39.11-54.54]
196,2024-2025,MSO out,RI,Rhode Island,Annual,All,5,5,0,0,100,22,100,48,[R],[R],[R],[R]
197,2024-2025,MSO out,SC,South Carolina,Annual,All,6,6,0,0,100,69,100,84,[R],[R],[R],[R]
198,2024-2025,MSO out,SD,South Dakota,Annual,All,11,11,0,0,100,63,100,99,63,36,63.64 [41.73-84.55],56.59 [40.55-74.14]
199,2024-2025,MSO out,TN,Tennessee,Annual,All,18,17,1,0,100,202,100,411,162,249,39.42 [33.49-56.65],48.92 [37.42-59.88]
200,2024-2025,MSO out,TX,Texas,Annual,All,404,393,11,0,100,4489,100,6897,3331,3566,48.3 [41.5-56.33],41.84 [38.8-44.56]
201,2024-2025,MSO out,UT,Utah,Annual,All,25,24,1,0,100,111,100,330,235,95,71.21 [52.74-83.51],62.1 [49.47-73.47]
202,2024-2025,MSO out,VA,Virginia,Annual,All,42,41,1,0,100,513,100,720,217,503,30.14 [20.13-50.15],40.54 [31.76-49.04]
203,2024-2025,MSO out,VT,Vermont,Annual,All,45,41,3,1,100,768,100,1735,962,773,55.45 [36.15-74],61.81 [50.81-72.3]
204,2024-2025,MSO out,WA,Washington,Annual,All,22,22,0,0,100,94,100,160,101,59,63.12 [42.28-79.58],54.77 [39.51-69.57]
205,2024-2025,MSO out,WI,Wisconsin,Annual,All,40,38,2,0,100,644,100,1301,1178,123,90.55 [66.08-96.09],68.73 [57.51-79.86]
206,2024-2025,MSO out,WV,West Virginia,Annual,All,0,0,0,0,NULL,0,NULL,NULL,[R],[R],[R],[R]
207,2024-2025,MSO out,WY,Wyoming,Annual,All,0,0,0,0,NULL,0,NULL,NULL,[R],[R],[R],[R]
208,2024-2025,MSO out,MSO,MultiStates,Annual,All,57,32,7,18,0,86339,0,198592,114013,84579,57.41 [48.04-64.45],50.98 [44.28-57.88]
209,2024-2025,MSO out,AK,Alaska,Summer,All,1,1,0,0,100,3,100,3,[R],[R],[R],[R]
210,2024-2025,MSO out,AL,Alabama,Summer,All,65,64,1,0,100,696,100,937,284,653,30.31 [23.91-38.11],28.34 [23.67-33.17]
211,2024-2025,MSO out,AR,Arkansas,Summer,All,9,9,0,0,100,56,100,75,[R],[R],[R],[R]
212,2024-2025,MSO out,AZ,Arizona,Summer,All,7,7,0,0,100,32,100,67,[R],[R],[R],[R]
213,2024-2025,MSO out,CA,California,Summer,All,45,43,0,2,100,2126,100,3373,382,2991,11.33 [1.92-31.5],30.59 [22.55-39.32]
214,2024-2025,MSO out,CO,Colorado,Summer,All,30,29,1,0,100,174,100,270,42,228,15.56 [6.32-35.35],20.48 [10.22-30.8]
215,2024-2025,MSO out,CT,Connecticut,Summer,All,88,88,0,0,100,336,100,555,155,400,27.93 [22.52-33.61],26.89 [21.25-32.51]
216,2024-2025,MSO out,DC,District of Columbia,Summer,All,20,20,0,0,100,98,100,139,35,104,25.18 [16.66-32.69],17.72 [8.23-27.28]
217,2024-2025,MSO out,DE,Delaware,Summer,All,4,4,0,0,100,37,100,65,[R],[R],[R],[R]
218,2024-2025,MSO out,FL,Florida,Summer,All,46,45,1,0,100,370,100,547,134,413,24.5 [15.51-35.68],24.76 [18.68-31.75]
219,2024-2025,MSO out,GA,Georgia,Summer,All,69,64,3,2,100,10206,100,11221,2025,9196,18.05 [2.61-57.22],32.33 [26.81-38.16]
220,2024-2025,MSO out,IA,Iowa,Summer,All,21,20,1,0,100,108,100,198,37,161,18.69 [8.22-36],24.26 [14.65-34.53]
221,2024-2025,MSO out,ID,Idaho,Summer,All,9,9,0,0,100,49,100,68,[R],[R],[R],[R]
222,2024-2025,MSO out,IL,Illinois,Summer,All,16,16,0,0,100,102,100,180,34,146,18.89 [9.46-33.05],24.33 [12.13-37.22]
223,2024-2025,MSO out,IN,Indiana,Summer,All,58,55,3,0,100,732,100,1023,102,921,9.97 [4.66-19.49],14.7 [10-20.19]
224,2024-2025,MSO out,KS,Kansas,Summer,All,13,13,0,0,100,92,100,150,41,109,27.33 [17.42-38.2],24.39 [13.12-36.75]
225,2024-2025,MSO out,KY,Kentucky,Summer,All,152,145,7,0,100,1416,100,2073,436,1637,21.03 [16.08-26.89],22.76 [19.04-26.84]
226,2024-2025,MSO out,LA,Louisiana,Summer,All,10,7,2,1,100,1302,100,1801,234,1567,12.99 [6.51-21.81],16.3 [7.09-26.91]
227,2024-2025,MSO out,MA,Massachusetts,Summer,All,31,31,0,0,100,104,100,168,40,128,23.81 [14.37-34.07],26.04 [15.63-36.27]
228,2024-2025,MSO out,MD,Maryland,Summer,All,51,48,3,0,100,561,100,788,129,659,16.37 [10.08-24],22.94 [17.43-28.86]
229,2024-2025,MSO out,ME,Maine,Summer,All,22,21,1,0,100,100,100,179,33,146,18.44 [8.93-32.12],24.08 [16.03-32]
230,2024-2025,MSO out,MI,Michigan,Summer,All,187,179,8,0,100,1364,100,2335,540,1795,23.13 [18.61-27.73],24.88 [21.41-28.66]
231,2024-2025,MSO out,MN,Minnesota,Summer,All,15,15,0,0,100,79,100,124,33,91,26.61 [12.16-43.25],31.34 [18.44-44.21]
232,2024-2025,MSO out,MO,Missouri,Summer,All,21,21,0,0,100,192,100,266,51,215,19.17 [11.06-26.69],17.89 [9.38-27.21]
233,2024-2025,MSO out,MS,Mississippi,Summer,All,7,6,1,0,100,151,100,176,[R],[R],[R],[R]
234,2024-2025,MSO out,MT,Montana,Summer,All,4,4,0,0,100,9,100,17,[R],[R],[R],[R]
235,2024-2025,MSO out,NC,North Carolina,Summer,All,71,69,2,0,100,605,100,821,172,649,20.95 [15.29-28.09],26.79 [20.18-33.81]
236,2024-2025,MSO out,NCUSA,Non Continental USA,Summer,All,1,1,0,0,100,5,100,6,[R],[R],[R],[R]
237,2024-2025,MSO out,ND,North Dakota,Summer,All,13,13,0,0,100,40,100,87,26,61,29.89 [17.07-38.02],23.34 [12.52-34.48]
238,2024-2025,MSO out,NE,Nebraska,Summer,All,13,12,1,0,100,98,100,199,53,146,26.63 [4.99-53.25],21.12 [8.3-34.6]
239,2024-2025,MSO out,NH,New Hampshire,Summer,All,11,11,0,0,100,54,100,88,4,84,4.55 [0-12.13],8.18 [0-19.39]
240,2024-2025,MSO out,NJ,New Jersey,Summer,All,18,18,0,0,100,107,100,168,57,111,33.93 [24.15-47.91],37.73 [26.64-49.32]
241,2024-2025,MSO out,NM,New Mexico,Summer,All,12,12,0,0,100,46,100,70,13,57,18.57 [8.32-29.63],15.04 [6.15-24.62]
242,2024-2025,MSO out,NV,Nevada,Summer,All,10,10,0,0,100,60,100,134,84,50,62.69 [33.86-74.38],43.43 [21.91-64.64]
243,2024-2025,MSO out,NY,New York,Summer,All,67,64,2,1,100,1332,100,2097,692,1405,33 [13.34-40.54],19.9 [14.85-25.4]
244,2024-2025,MSO out,OH,Ohio,Summer,All,45,45,0,0,100,262,100,431,68,363,15.78 [10.45-22.3],18.42 [12.88-25.55]
245,2024-2025,MSO out,OK,Oklahoma,Summer,All,5,5,0,0,100,44,100,79,[R],[R],[R],[R]
246,2024-2025,MSO out,OR,Oregon,Summer,All,43,43,0,0,100,190,100,329,73,256,22.19 [11.95-31.16],19.31 [13.02-25.33]
247,2024-2025,MSO out,PA,Pennsylvania,Summer,All,76,76,0,0,100,534,100,856,229,627,26.75 [16.9-37.75],17.7 [13.05-22.56]
248,2024-2025,MSO out,RI,Rhode Island,Summer,All,5,5,0,0,100,22,100,48,[R],[R],[R],[R]
249,2024-2025,MSO out,SC,South Carolina,Summer,All,9,9,0,0,100,131,100,156,[R],[R],[R],[R]
250,2024-2025,MSO out,SD,South Dakota,Summer,All,11,11,0,0,100,63,100,93,35,58,37.63 [11.11-56.82],20.63 [7.27-35.26]
251,2024-2025,MSO out,TN,Tennessee,Summer,All,20,19,1,0,100,212,100,417,45,372,10.79 [3.84-35.54],28.98 [19.16-39.3]
252,2024-2025,MSO out,TX,Texas,Summer,All,445,432,13,0,100,5093,100,7132,2157,4975,30.24 [24.55-37.09],23.61 [21.26-26.25]
253,2024-2025,MSO out,UT,Utah,Summer,All,26,25,1,0,100,112,100,318,78,240,24.53 [8.76-46.19],24.82 [15.23-33.99]
254,2024-2025,MSO out,VA,Virginia,Summer,All,46,45,1,0,100,530,100,735,158,577,21.5 [14.91-35.34],24.61 [17.4-32.17]
255,2024-2025,MSO out,VT,Vermont,Summer,All,47,43,3,1,100,775,100,1737,464,1273,26.71 [6.43-48.95],20.74 [12.87-29.19]
256,2024-2025,MSO out,WA,Washington,Summer,All,23,23,0,0,100,96,100,162,38,124,23.46 [13.16-32.88],24.73 [14.48-36.49]
257,2024-2025,MSO out,WI,Wisconsin,Summer,All,40,38,2,0,100,644,100,1287,729,558,56.64 [16.67-70.84],21.03 [13.98-28.04]
258,2024-2025,MSO out,WV,West Virginia,Summer,All,0,0,0,0,NULL,0,NULL,NULL,[R],[R],[R],[R]
259,2024-2025,MSO out,WY,Wyoming,Summer,All,0,0,0,0,NULL,0,NULL,NULL,[R],[R],[R],[R]
260,2024-2025,MSO out,MSO,MultiStates,Summer,All,60,33,7,20,0,93113,0,195317,57700,137617,29.54 [19.05-39.26],22.2 [17.17-27.52]
261,2024-2025,MSO out,AK,Alaska,Winter,All,1,1,0,0,100,1,100,1,[R],[R],[R],[R]
262,2024-2025,MSO out,AL,Alabama,Winter,All,61,58,3,0,100,1060,100,1238,374,864,30.21 [19.34-38.89],27.7 [21.56-34.43]
263,2024-2025,MSO out,AR,Arkansas,Winter,All,12,12,0,0,100,119,100,143,42,101,29.37 [18.78-43.93],33.63 [14.28-54.39]
264,2024-2025,MSO out,AZ,Arizona,Winter,All,10,9,1,0,100,167,100,252,191,61,75.79 [10.26-85.1],24.63 [10-42.13]
265,2024-2025,MSO out,CA,California,Winter,All,40,38,0,2,100,2979,100,3221,1891,1330,58.71 [14.34-78.94],29.24 [18.55-40.44]
266,2024-2025,MSO out,CO,Colorado,Winter,All,36,35,1,0,100,232,100,237,108,129,45.57 [19.81-61.71],34.14 [21.83-48.26]
267,2024-2025,MSO out,CT,Connecticut,Winter,All,103,103,0,0,100,485,100,511,297,214,58.12 [49.21-66.92],60.61 [53.45-67.54]
268,2024-2025,MSO out,DC,District of Columbia,Winter,All,21,21,0,0,100,106,100,113,33,80,29.2 [18.42-44.31],26.97 [16.27-38.5]
269,2024-2025,MSO out,DE,Delaware,Winter,All,4,4,0,0,100,57,100,59,[R],[R],[R],[R]
270,2024-2025,MSO out,FL,Florida,Winter,All,45,41,3,1,100,1834,100,1714,480,1234,28 [17.29-61.78],25.73 [17.61-34.78]
271,2024-2025,MSO out,GA,Georgia,Winter,All,71,66,3,2,100,9316,100,10004,2052,7952,20.51 [18.98-42.17],39.94 [32.35-48.35]
272,2024-2025,MSO out,IA,Iowa,Winter,All,26,25,1,0,100,212,100,216,102,114,47.22 [33.6-62.31],42.15 [29.49-55.15]
273,2024-2025,MSO out,ID,Idaho,Winter,All,11,11,0,0,100,85,100,96,54,42,56.25 [36.73-71.25],58.21 [38.18-77.69]
274,2024-2025,MSO out,IL,Illinois,Winter,All,21,20,1,0,100,280,100,289,121,168,41.87 [34.97-50.63],43.47 [29.21-58.34]
275,2024-2025,MSO out,IN,Indiana,Winter,All,75,71,4,0,100,1128,100,1185,306,879,25.82 [17.27-39.72],37.09 [29.27-44.96]
276,2024-2025,MSO out,KS,Kansas,Winter,All,18,18,0,0,100,186,100,193,34,159,17.62 [8.98-26.88],25.2 [11.42-41.05]
277,2024-2025,MSO out,KY,Kentucky,Winter,All,189,181,8,0,100,2328,100,2626,861,1765,32.79 [24.6-41.78],28.06 [23.73-32.96]
278,2024-2025,MSO out,LA,Louisiana,Winter,All,13,9,2,2,100,8885,100,8911,2883,6028,32.35 [22.97-51.18],29.08 [19.93-39.31]
279,2024-2025,MSO out,MA,Massachusetts,Winter,All,35,35,0,0,100,180,100,189,63,126,33.33 [21.95-46.48],36.9 [26.53-48.19]
280,2024-2025,MSO out,MD,Maryland,Winter,All,54,51,3,0,100,684,100,710,170,540,23.94 [15.58-33.56],28.92 [21.72-36.87]
281,2024-2025,MSO out,ME,Maine,Winter,All,31,29,2,0,100,254,100,258,128,130,49.61 [30.15-63.35],45.41 [33.14-58.01]
282,2024-2025,MSO out,MI,Michigan,Winter,All,239,225,14,0,100,2745,100,2856,1499,1357,52.49 [45-60.3],53.93 [49.44-58.47]
283,2024-2025,MSO out,MN,Minnesota,Winter,All,20,19,1,0,100,359,100,365,122,243,33.42 [28.43-66.13],57.58 [42.05-73.78]
284,2024-2025,MSO out,MO,Missouri,Winter,All,25,24,1,0,100,383,100,393,130,263,33.08 [24.23-48.76],33.84 [21.82-46.46]
285,2024-2025,MSO out,MS,Mississippi,Winter,All,7,6,1,0,100,142,100,153,[R],[R],[R],[R]
286,2024-2025,MSO out,MT,Montana,Winter,All,5,5,0,0,100,14,100,16,[R],[R],[R],[R]
287,2024-2025,MSO out,NC,North Carolina,Winter,All,76,72,4,0,100,941,100,1140,331,809,29.04 [17.6-43.34],30.91 [23.49-38.31]
288,2024-2025,MSO out,NCUSA,Non Continental USA,Winter,All,1,1,0,0,100,6,100,6,[R],[R],[R],[R]
289,2024-2025,MSO out,ND,North Dakota,Winter,All,27,27,0,0,100,107,100,109,65,44,59.63 [38.66-76.93],52.84 [35.87-67.25]
290,2024-2025,MSO out,NE,Nebraska,Winter,All,15,14,1,0,100,158,100,163,77,86,47.24 [30.26-61.74],38.87 [21.7-56.56]
291,2024-2025,MSO out,NH,New Hampshire,Winter,All,16,16,0,0,100,104,100,104,31,73,29.81 [16.91-51.57],45.12 [26.11-65.03]
292,2024-2025,MSO out,NJ,New Jersey,Winter,All,26,24,2,0,100,295,100,308,84,224,27.27 [15.98-40.87],25.25 [13.44-37.03]
293,2024-2025,MSO out,NM,New Mexico,Winter,All,12,12,0,0,100,60,100,74,30,44,40.54 [19.66-54.9],36.29 [15.97-56.99]
294,2024-2025,MSO out,NV,Nevada,Winter,All,11,11,0,0,100,51,100,69,47,22,68.12 [52.27-82.05],67.46 [49.91-82.01]
295,2024-2025,MSO out,NY,New York,Winter,All,86,81,5,0,100,1347,100,1366,501,865,36.68 [28.36-49.02],46.53 [39.47-53.7]
296,2024-2025,MSO out,OH,Ohio,Winter,All,56,56,0,0,100,488,100,501,210,291,41.92 [29.14-54.11],36.28 [26.85-45.84]
297,2024-2025,MSO out,OK,Oklahoma,Winter,All,8,8,0,0,100,103,100,108,[R],[R],[R],[R]
298,2024-2025,MSO out,OR,Oregon,Winter,All,50,50,0,0,100,290,100,304,69,235,22.7 [16.4-30.14],27.86 [19.4-36.88]
299,2024-2025,MSO out,PA,Pennsylvania,Winter,All,102,101,1,0,100,912,100,928,302,626,32.54 [25.26-39.85],37.05 [30.83-44.03]
300,2024-2025,MSO out,RI,Rhode Island,Winter,All,6,6,0,0,100,44,100,44,[R],[R],[R],[R]
301,2024-2025,MSO out,SC,South Carolina,Winter,All,9,9,0,0,100,74,100,81,[R],[R],[R],[R]
302,2024-2025,MSO out,SD,South Dakota,Winter,All,13,13,0,0,100,68,100,83,41,42,49.4 [29.46-69.87],48.87 [32.21-66.71]
303,2024-2025,MSO out,TN,Tennessee,Winter,All,19,18,1,0,100,377,100,380,118,262,31.05 [15.92-36.15],27.71 [14.03-43.26]
304,2024-2025,MSO out,TX,Texas,Winter,All,456,439,17,0,100,5486,100,6078,1668,4410,27.44 [23.37-32.43],28.65 [25.66-31.34]
305,2024-2025,MSO out,UT,Utah,Winter,All,37,36,1,0,100,305,100,322,179,143,55.59 [30.09-73.6],48.04 [34.89-61.67]
306,2024-2025,MSO out,VA,Virginia,Winter,All,51,49,2,0,100,810,100,830,123,707,14.82 [8.95-26.91],25.01 [17.39-33.49]
307,2024-2025,MSO out,VT,Vermont,Winter,All,56,52,3,1,100,1358,100,1365,527,838,38.61 [27.78-47.55],54.42 [43.37-64.61]
308,2024-2025,MSO out,WA,Washington,Winter,All,26,26,0,0,100,153,100,153,77,76,50.33 [34.27-68.45],44.31 [29.68-58.9]
309,2024-2025,MSO out,WI,Wisconsin,Winter,All,44,41,3,0,100,750,100,764,585,179,76.57 [57.39-85.83],63.9 [52.44-74.6]
310,2024-2025,MSO out,WV,West Virginia,Winter,All,0,0,0,0,NULL,0,NULL,NULL,[R],[R],[R],[R]
311,2024-2025,MSO out,WY,Wyoming,Winter,All,2,1,0,1,100,1708,100,1708,[R],[R],[R],[R]
312,2024-2025,MSO out,MSO,MultiStates,Winter,All,75,39,9,27,0,168881,0,187516,77982,109534,41.59 [33.18-50.05],38.84 [32.91-44.73]
313,2024-2025,MSO only,AK,Alaska,Annual,All,0,0,0,0,NULL,0,NULL,NULL,[R],[R],[R],[R]
314,2024-2025,MSO only,AL,Alabama,Annual,All,3,2,0,1,0,8010,0,15960,[R],[R],[R],[R]
315,2024-2025,MSO only,AR,Arkansas,Annual,All,0,0,0,0,NULL,0,NULL,NULL,[R],[R],[R],[R]
316,2024-2025,MSO only,AZ,Arizona,Annual,All,1,1,0,0,0,12,0,26,[R],[R],[R],[R]
317,2024-2025,MSO only,CA,California,Annual,All,19,2,4,13,0,79678,0,188965,109007,79958,57.69 [48.44-64.04],47.2 [37.62-57.09]
318,2024-2025,MSO only,CO,Colorado,Annual,All,2,1,1,0,0,126,0,150,[R],[R],[R],[R]
319,2024-2025,MSO only,CT,Connecticut,Annual,All,3,3,0,0,0,19,0,26,[R],[R],[R],[R]
320,2024-2025,MSO only,DC,District of Columbia,Annual,All,3,3,0,0,0,51,0,79,[R],[R],[R],[R]
321,2024-2025,MSO only,DE,Delaware,Annual,All,1,0,0,1,0,436,0,636,[R],[R],[R],[R]
322,2024-2025,MSO only,FL,Florida,Annual,All,3,1,0,2,0,9307,0,18207,[R],[R],[R],[R]
323,2024-2025,MSO only,GA,Georgia,Annual,All,4,3,0,1,0,8018,0,15973,[R],[R],[R],[R]
324,2024-2025,MSO only,IA,Iowa,Annual,All,1,0,0,1,0,1877,0,9784,[R],[R],[R],[R]
325,2024-2025,MSO only,ID,Idaho,Annual,All,3,0,0,3,0,23700,0,62934,[R],[R],[R],[R]
326,2024-2025,MSO only,IL,Illinois,Annual,All,0,0,0,0,NULL,0,NULL,NULL,[R],[R],[R],[R]
327,2024-2025,MSO only,IN,Indiana,Annual,All,0,0,0,0,NULL,0,NULL,NULL,[R],[R],[R],[R]
328,2024-2025,MSO only,KS,Kansas,Annual,All,2,1,0,1,0,2336,0,2103,[R],[R],[R],[R]
329,2024-2025,MSO only,KY,Kentucky,Annual,All,2,2,0,0,0,10,0,17,[R],[R],[R],[R]
330,2024-2025,MSO only,LA,Louisiana,Annual,All,0,0,0,0,NULL,0,NULL,NULL,[R],[R],[R],[R]
331,2024-2025,MSO only,MA,Massachusetts,Annual,All,2,1,0,1,0,733,0,1021,[R],[R],[R],[R]
332,2024-2025,MSO only,MD,Maryland,Annual,All,5,4,0,1,0,503,0,741,[R],[R],[R],[R]
333,2024-2025,MSO only,ME,Maine,Annual,All,4,2,1,1,0,832,0,1160,[R],[R],[R],[R]
334,2024-2025,MSO only,MI,Michigan,Annual,All,7,5,1,1,0,8212,0,16246,[R],[R],[R],[R]
335,2024-2025,MSO only,MN,Minnesota,Annual,All,3,1,1,1,0,1439,0,2540,[R],[R],[R],[R]
336,2024-2025,MSO only,MO,Missouri,Annual,All,2,1,0,1,0,2336,0,2103,[R],[R],[R],[R]
337,2024-2025,MSO only,MS,Mississippi,Annual,All,4,0,0,4,0,16950,0,32070,[R],[R],[R],[R]
338,2024-2025,MSO only,MT,Montana,Annual,All,1,0,0,1,0,6500,0,11500,[R],[R],[R],[R]
339,2024-2025,MSO only,NC,North Carolina,Annual,All,2,2,0,0,0,15,0,20,[R],[R],[R],[R]
340,2024-2025,MSO only,NCUSA,Non Continental USA,Annual,All,1,1,0,0,0,2,0,4,[R],[R],[R],[R]
341,2024-2025,MSO only,ND,North Dakota,Annual,All,11,0,1,10,0,66207,0,154960,89522,65438,57.77 [47.25-65.38],46.06 [36.34-55.44]
342,2024-2025,MSO only,NE,Nebraska,Annual,All,1,0,0,1,0,1877,0,9784,[R],[R],[R],[R]
343,2024-2025,MSO only,NH,New Hampshire,Annual,All,2,0,1,1,0,796,0,1116,[R],[R],[R],[R]
344,2024-2025,MSO only,NJ,New Jersey,Annual,All,1,1,0,0,0,25,0,29,[R],[R],[R],[R]
345,2024-2025,MSO only,NM,New Mexico,Annual,All,1,1,0,0,0,2,0,4,[R],[R],[R],[R]
346,2024-2025,MSO only,NV,Nevada,Annual,All,0,0,0,0,NULL,0,NULL,NULL,[R],[R],[R],[R]
347,2024-2025,MSO only,NY,New York,Annual,All,5,3,1,1,0,8288,0,16396,[R],[R],[R],[R]
348,2024-2025,MSO only,OH,Ohio,Annual,All,3,3,0,0,0,29,0,35,[R],[R],[R],[R]
349,2024-2025,MSO only,OK,Oklahoma,Annual,All,0,0,0,0,NULL,0,NULL,NULL,[R],[R],[R],[R]
350,2024-2025,MSO only,OR,Oregon,Annual,All,3,1,1,1,0,9196,0,32056,[R],[R],[R],[R]
351,2024-2025,MSO only,PA,Pennsylvania,Annual,All,2,2,0,0,0,18,0,29,[R],[R],[R],[R]
352,2024-2025,MSO only,RI,Rhode Island,Annual,All,1,0,0,1,0,723,0,1007,[R],[R],[R],[R]
353,2024-2025,MSO only,SC,South Carolina,Annual,All,0,0,0,0,NULL,0,NULL,NULL,[R],[R],[R],[R]
354,2024-2025,MSO only,SD,South Dakota,Annual,All,6,0,0,6,0,33865,0,78539,[R],[R],[R],[R]
355,2024-2025,MSO only,TN,Tennessee,Annual,All,0,0,0,0,NULL,0,NULL,NULL,[R],[R],[R],[R]
356,2024-2025,MSO only,TX,Texas,Annual,All,10,2,2,6,0,35772,0,84923,52935,31988,62.33 [49-73.13],51.53 [39.68-64.31]
357,2024-2025,MSO only,UT,Utah,Annual,All,1,1,0,0,0,12,0,26,[R],[R],[R],[R]
358,2024-2025,MSO only,VA,Virginia,Annual,All,10,9,0,1,0,513,0,755,406,349,53.77 [50.39-74.82],55.41 [39.03-72.94]
359,2024-2025,MSO only,VT,Vermont,Annual,All,3,2,1,0,0,286,0,493,[R],[R],[R],[R]
360,2024-2025,MSO only,WA,Washington,Annual,All,3,1,0,2,0,12506,0,20326,[R],[R],[R],[R]
361,2024-2025,MSO only,WI,Wisconsin,Annual,All,0,0,0,0,NULL,0,NULL,NULL,[R],[R],[R],[R]
362,2024-2025,MSO only,WV,West Virginia,Annual,All,8,7,0,1,0,486,0,723,[R],[R],[R],[R]
363,2024-2025,MSO only,WY,Wyoming,Annual,All,2,0,1,1,0,1540,0,4136,[R],[R],[R],[R]
364,2024-2025,MSO only,MSO,MultiStates,Annual,All,57,32,7,18,0,86339,0,198592,114013,84579,57.41 [48.87-63.82],50.98 [44.41-57.71]
365,2024-2025,MSO only,AK,Alaska,Summer,All,0,0,0,0,NULL,0,NULL,NULL,[R],[R],[R],[R]
366,2024-2025,MSO only,AL,Alabama,Summer,All,4,3,0,1,0,8020,0,15949,[R],[R],[R],[R]
367,2024-2025,MSO only,AR,Arkansas,Summer,All,0,0,0,0,NULL,0,NULL,NULL,[R],[R],[R],[R]
368,2024-2025,MSO only,AZ,Arizona,Summer,All,1,1,0,0,0,12,0,24,[R],[R],[R],[R]
369,2024-2025,MSO only,CA,California,Summer,All,21,2,4,15,0,86442,0,185648,54866,130782,29.55 [18.54-39.2],24.2 [16.47-31.56]
370,2024-2025,MSO only,CO,Colorado,Summer,All,3,1,1,1,0,1086,0,1470,[R],[R],[R],[R]
371,2024-2025,MSO only,CT,Connecticut,Summer,All,3,3,0,0,0,19,0,26,[R],[R],[R],[R]
372,2024-2025,MSO only,DC,District of Columbia,Summer,All,3,3,0,0,0,51,0,67,[R],[R],[R],[R]
373,2024-2025,MSO only,DE,Delaware,Summer,All,1,0,0,1,0,436,0,561,[R],[R],[R],[R]
374,2024-2025,MSO only,FL,Florida,Summer,All,3,1,0,2,0,9307,0,18207,[R],[R],[R],[R]
375,2024-2025,MSO only,GA,Georgia,Summer,All,4,3,0,1,0,8018,0,15949,[R],[R],[R],[R]
376,2024-2025,MSO only,IA,Iowa,Summer,All,1,0,0,1,0,1877,0,9256,[R],[R],[R],[R]
377,2024-2025,MSO only,ID,Idaho,Summer,All,3,0,0,3,0,23700,0,51534,[R],[R],[R],[R]
378,2024-2025,MSO only,IL,Illinois,Summer,All,0,0,0,0,NULL,0,NULL,NULL,[R],[R],[R],[R]
379,2024-2025,MSO only,IN,Indiana,Summer,All,0,0,0,0,NULL,0,NULL,NULL,[R],[R],[R],[R]
380,2024-2025,MSO only,KS,Kansas,Summer,All,2,1,0,1,0,2336,0,2194,[R],[R],[R],[R]
381,2024-2025,MSO only,KY,Kentucky,Summer,All,2,2,0,0,0,10,0,17,[R],[R],[R],[R]
382,2024-2025,MSO only,LA,Louisiana,Summer,All,0,0,0,0,NULL,0,NULL,NULL,[R],[R],[R],[R]
383,2024-2025,MSO only,MA,Massachusetts,Summer,All,2,1,0,1,0,733,0,1084,[R],[R],[R],[R]
384,2024-2025,MSO only,MD,Maryland,Summer,All,5,4,0,1,0,503,0,654,[R],[R],[R],[R]
385,2024-2025,MSO only,ME,Maine,Summer,All,4,2,1,1,0,832,0,1223,[R],[R],[R],[R]
386,2024-2025,MSO only,MI,Michigan,Summer,All,7,5,1,1,0,8212,0,16171,[R],[R],[R],[R]
387,2024-2025,MSO only,MN,Minnesota,Summer,All,3,1,1,1,0,1439,0,2540,[R],[R],[R],[R]
388,2024-2025,MSO only,MO,Missouri,Summer,All,2,1,0,1,0,2336,0,2194,[R],[R],[R],[R]
389,2024-2025,MSO only,MS,Mississippi,Summer,All,4,0,0,4,0,16950,0,32070,[R],[R],[R],[R]
390,2024-2025,MSO only,MT,Montana,Summer,All,2,0,0,2,0,12304,0,20664,[R],[R],[R],[R]
391,2024-2025,MSO only,NC,North Carolina,Summer,All,2,2,0,0,0,15,0,15,[R],[R],[R],[R]
392,2024-2025,MSO only,NCUSA,Non Continental USA,Summer,All,1,1,0,0,0,2,0,4,[R],[R],[R],[R]
393,2024-2025,MSO only,ND,North Dakota,Summer,All,11,0,1,10,0,66207,0,142340,42648,99692,29.96 [16.44-41.32],20.83 [11.75-31.35]
394,2024-2025,MSO only,NE,Nebraska,Summer,All,1,0,0,1,0,1877,0,9256,[R],[R],[R],[R]
395,2024-2025,MSO only,NH,New Hampshire,Summer,All,2,0,1,1,0,796,0,1179,[R],[R],[R],[R]
396,2024-2025,MSO only,NJ,New Jersey,Summer,All,1,1,0,0,0,25,0,25,[R],[R],[R],[R]
397,2024-2025,MSO only,NM,New Mexico,Summer,All,1,1,0,0,0,2,0,4,[R],[R],[R],[R]
398,2024-2025,MSO only,NV,Nevada,Summer,All,0,0,0,0,NULL,0,NULL,NULL,[R],[R],[R],[R]
399,2024-2025,MSO only,NY,New York,Summer,All,5,3,1,1,0,8288,0,16396,[R],[R],[R],[R]
400,2024-2025,MSO only,OH,Ohio,Summer,All,3,3,0,0,0,29,0,35,[R],[R],[R],[R]
401,2024-2025,MSO only,OK,Oklahoma,Summer,All,0,0,0,0,NULL,0,NULL,NULL,[R],[R],[R],[R]
402,2024-2025,MSO only,OR,Oregon,Summer,All,3,1,1,1,0,9196,0,20955,[R],[R],[R],[R]
403,2024-2025,MSO only,PA,Pennsylvania,Summer,All,2,2,0,0,0,18,0,29,[R],[R],[R],[R]
404,2024-2025,MSO only,RI,Rhode Island,Summer,All,1,0,0,1,0,723,0,1070,[R],[R],[R],[R]
405,2024-2025,MSO only,SC,South Carolina,Summer,All,0,0,0,0,NULL,0,NULL,NULL,[R],[R],[R],[R]
406,2024-2025,MSO only,SD,South Dakota,Summer,All,6,0,0,6,0,33865,0,77091,[R],[R],[R],[R]
407,2024-2025,MSO only,TN,Tennessee,Summer,All,0,0,0,0,NULL,0,NULL,NULL,[R],[R],[R],[R]
408,2024-2025,MSO only,TX,Texas,Summer,All,11,3,2,6,0,35782,0,84421,25116,59305,29.75 [16.25-43.99],30.36 [14.72-48.33]
409,2024-2025,MSO only,UT,Utah,Summer,All,1,1,0,0,0,12,0,24,[R],[R],[R],[R]
410,2024-2025,MSO only,VA,Virginia,Summer,All,10,9,0,1,0,513,0,672,51,621,7.59 [5.51-23.81],13.73 [4.86-23.96]
411,2024-2025,MSO only,VT,Vermont,Summer,All,3,2,1,0,0,286,0,489,[R],[R],[R],[R]
412,2024-2025,MSO only,WA,Washington,Summer,All,4,1,0,3,0,18310,0,28569,[R],[R],[R],[R]
413,2024-2025,MSO only,WI,Wisconsin,Summer,All,0,0,0,0,NULL,0,NULL,NULL,[R],[R],[R],[R]
414,2024-2025,MSO only,WV,West Virginia,Summer,All,8,7,0,1,0,486,0,644,[R],[R],[R],[R]
415,2024-2025,MSO only,WY,Wyoming,Summer,All,2,0,1,1,0,1540,0,3560,[R],[R],[R],[R]
416,2024-2025,MSO only,MSO,MultiStates,Summer,All,60,33,7,20,0,93113,0,195317,57700,137617,29.54 [20.11-39.46],22.2 [17.23-27.53]
417,2024-2025,MSO only,AK,Alaska,Winter,All,0,0,0,0,NULL,0,NULL,NULL,[R],[R],[R],[R]
418,2024-2025,MSO only,AL,Alabama,Winter,All,4,3,0,1,0,14033,0,14052,[R],[R],[R],[R]
419,2024-2025,MSO only,AR,Arkansas,Winter,All,0,0,0,0,NULL,0,NULL,NULL,[R],[R],[R],[R]
420,2024-2025,MSO only,AZ,Arizona,Winter,All,2,2,0,0,0,16,0,18,[R],[R],[R],[R]
421,2024-2025,MSO only,CA,California,Winter,All,29,3,5,21,0,161389,0,180010,75236,104774,41.8 [32.79-50.27],34.55 [27.64-42.07]
422,2024-2025,MSO only,CO,Colorado,Winter,All,2,1,1,0,0,125,0,125,[R],[R],[R],[R]
423,2024-2025,MSO only,CT,Connecticut,Winter,All,4,3,0,1,0,4517,0,4949,[R],[R],[R],[R]
424,2024-2025,MSO only,DC,District of Columbia,Winter,All,4,3,1,0,0,129,0,141,[R],[R],[R],[R]
425,2024-2025,MSO only,DE,Delaware,Winter,All,1,0,0,1,0,525,0,600,[R],[R],[R],[R]
426,2024-2025,MSO only,FL,Florida,Winter,All,4,1,0,3,0,20205,0,20215,[R],[R],[R],[R]
427,2024-2025,MSO only,GA,Georgia,Winter,All,7,4,0,3,0,23539,0,24005,[R],[R],[R],[R]
428,2024-2025,MSO only,IA,Iowa,Winter,All,1,0,0,1,0,4585,0,5113,[R],[R],[R],[R]
429,2024-2025,MSO only,ID,Idaho,Winter,All,4,0,0,4,0,34663,0,46471,[R],[R],[R],[R]
430,2024-2025,MSO only,IL,Illinois,Winter,All,1,0,0,1,0,4997,0,5405,[R],[R],[R],[R]
431,2024-2025,MSO only,IN,Indiana,Winter,All,3,1,0,2,0,7954,0,8362,[R],[R],[R],[R]
432,2024-2025,MSO only,KS,Kansas,Winter,All,2,1,0,1,0,1337,0,1246,[R],[R],[R],[R]
433,2024-2025,MSO only,KY,Kentucky,Winter,All,2,2,0,0,0,11,0,11,[R],[R],[R],[R]
434,2024-2025,MSO only,LA,Louisiana,Winter,All,0,0,0,0,NULL,0,NULL,NULL,[R],[R],[R],[R]
435,2024-2025,MSO only,MA,Massachusetts,Winter,All,3,1,0,2,0,5205,0,5574,[R],[R],[R],[R]
436,2024-2025,MSO only,MD,Maryland,Winter,All,7,5,1,1,0,701,0,788,[R],[R],[R],[R]
437,2024-2025,MSO only,ME,Maine,Winter,All,4,2,1,1,0,842,0,779,[R],[R],[R],[R]
438,2024-2025,MSO only,MI,Michigan,Winter,All,9,7,1,1,0,14230,0,14305,[R],[R],[R],[R]
439,2024-2025,MSO only,MN,Minnesota,Winter,All,4,1,1,2,0,2581,0,2581,[R],[R],[R],[R]
440,2024-2025,MSO only,MO,Missouri,Winter,All,2,1,0,1,0,1337,0,1246,[R],[R],[R],[R]
441,2024-2025,MSO only,MS,Mississippi,Winter,All,4,0,0,4,0,27250,0,27250,[R],[R],[R],[R]
442,2024-2025,MSO only,MT,Montana,Winter,All,1,0,0,1,0,10000,0,10000,[R],[R],[R],[R]
443,2024-2025,MSO only,NC,North Carolina,Winter,All,3,2,0,1,0,536,0,589,[R],[R],[R],[R]
444,2024-2025,MSO only,NCUSA,Non Continental USA,Winter,All,1,1,0,0,0,4,0,4,[R],[R],[R],[R]
445,2024-2025,MSO only,ND,North Dakota,Winter,All,13,0,2,11,0,110542,0,127132,53458,73674,42.05 [30.9-52.03],35.61 [27.43-44]
446,2024-2025,MSO only,NE,Nebraska,Winter,All,1,0,0,1,0,4585,0,5113,[R],[R],[R],[R]
447,2024-2025,MSO only,NH,New Hampshire,Winter,All,3,0,1,2,0,5299,0,5668,[R],[R],[R],[R]
448,2024-2025,MSO only,NJ,New Jersey,Winter,All,1,1,0,0,0,25,0,29,[R],[R],[R],[R]
449,2024-2025,MSO only,NM,New Mexico,Winter,All,1,1,0,0,0,4,0,4,[R],[R],[R],[R]
450,2024-2025,MSO only,NV,Nevada,Winter,All,0,0,0,0,NULL,0,NULL,NULL,[R],[R],[R],[R]
451,2024-2025,MSO only,NY,New York,Winter,All,5,3,1,1,0,14429,0,14429,[R],[R],[R],[R]
452,2024-2025,MSO only,OH,Ohio,Winter,All,4,3,0,1,0,4525,0,4957,[R],[R],[R],[R]
453,2024-2025,MSO only,OK,Oklahoma,Winter,All,0,0,0,0,NULL,0,NULL,NULL,[R],[R],[R],[R]
454,2024-2025,MSO only,OR,Oregon,Winter,All,4,1,1,2,0,17065,0,28166,[R],[R],[R],[R]
455,2024-2025,MSO only,PA,Pennsylvania,Winter,All,3,3,0,0,0,50,0,50,[R],[R],[R],[R]
456,2024-2025,MSO only,RI,Rhode Island,Winter,All,1,0,0,1,0,695,0,632,[R],[R],[R],[R]
457,2024-2025,MSO only,SC,South Carolina,Winter,All,0,0,0,0,NULL,0,NULL,NULL,[R],[R],[R],[R]
458,2024-2025,MSO only,SD,South Dakota,Winter,All,7,0,0,7,0,61230,0,62678,[R],[R],[R],[R]
459,2024-2025,MSO only,TN,Tennessee,Winter,All,0,0,0,0,NULL,0,NULL,NULL,[R],[R],[R],[R]
460,2024-2025,MSO only,TX,Texas,Winter,All,13,3,2,8,0,61736,0,62246,28466,33780,45.73 [21.62-61.4],32.24 [18.79-47.03]
461,2024-2025,MSO only,UT,Utah,Winter,All,3,3,0,0,0,47,0,49,[R],[R],[R],[R]
462,2024-2025,MSO only,VA,Virginia,Winter,All,13,10,1,2,0,1212,0,1343,910,433,67.76 [44.52-89.29],50.62 [34.33-67.09]
463,2024-2025,MSO only,VT,Vermont,Winter,All,3,2,1,0,0,433,0,437,[R],[R],[R],[R]
464,2024-2025,MSO only,WA,Washington,Winter,All,4,1,0,3,0,23655,0,24576,[R],[R],[R],[R]
465,2024-2025,MSO only,WI,Wisconsin,Winter,All,0,0,0,0,NULL,0,NULL,NULL,[R],[R],[R],[R]
466,2024-2025,MSO only,WV,West Virginia,Winter,All,9,8,0,1,0,596,0,675,[R],[R],[R],[R]
467,2024-2025,MSO only,WY,Wyoming,Winter,All,2,0,1,1,0,3550,0,4126,[R],[R],[R],[R]
468,2024-2025,MSO only,MSO,MultiStates,Winter,All,75,39,9,27,0,168881,0,187516,77982,109534,41.59 [33.48-49.71],38.84 [33.32-45.02]
